-- Sample data: Eagle Vines Vineyards & Golf Club
-- Run after schema.sql:  psql -d golf_scorecard -f database/sample_data.sql

BEGIN;

-- =============
-- Course
-- =============
INSERT INTO courses.courses (id, name, location, par, total_holes)
VALUES (
    '00000000-0000-0000-0000-000000000001',
    'Eagle Vines Vineyards & Golf Club',
    'Napa, CA',
    72,
    18
);

-- =============
-- Holes (par + handicap are course-level, same for all tees)
-- =============
INSERT INTO courses.holes (course_id, hole_number, par, handicap) VALUES
    ('00000000-0000-0000-0000-000000000001', 1,  5, 10),
    ('00000000-0000-0000-0000-000000000001', 2,  3, 8),
    ('00000000-0000-0000-0000-000000000001', 3,  4, 18),
    ('00000000-0000-0000-0000-000000000001', 4,  4, 2),
    ('00000000-0000-0000-0000-000000000001', 5,  3, 12),
    ('00000000-0000-0000-0000-000000000001', 6,  5, 4),
    ('00000000-0000-0000-0000-000000000001', 7,  4, 16),
    ('00000000-0000-0000-0000-000000000001', 8,  4, 6),
    ('00000000-0000-0000-0000-000000000001', 9,  5, 14),
    ('00000000-0000-0000-0000-000000000001', 10, 4, 1),
    ('00000000-0000-0000-0000-000000000001', 11, 5, 13),
    ('00000000-0000-0000-0000-000000000001', 12, 4, 9),
    ('00000000-0000-0000-0000-000000000001', 13, 4, 5),
    ('00000000-0000-0000-0000-000000000001', 14, 3, 17),
    ('00000000-0000-0000-0000-000000000001', 15, 4, 15),
    ('00000000-0000-0000-0000-000000000001', 16, 3, 11),
    ('00000000-0000-0000-0000-000000000001', 17, 4, 3),
    ('00000000-0000-0000-0000-000000000001', 18, 4, 7);

-- =============
-- Tees (6 tee boxes)
-- =============
INSERT INTO courses.tees (id, course_id, color, slope_rating, course_rating) VALUES
    ('00000000-0000-0000-0000-100000000001', '00000000-0000-0000-0000-000000000001', 'Black',  138, 75.4),
    ('00000000-0000-0000-0000-100000000002', '00000000-0000-0000-0000-000000000001', 'Blue',   135, 73.7),
    ('00000000-0000-0000-0000-100000000003', '00000000-0000-0000-0000-000000000001', 'Member', 132, 72.5),
    ('00000000-0000-0000-0000-100000000004', '00000000-0000-0000-0000-000000000001', 'White',  127, 71.2),
    ('00000000-0000-0000-0000-100000000005', '00000000-0000-0000-0000-000000000001', 'Gold',   122, 69.1),
    ('00000000-0000-0000-0000-100000000006', '00000000-0000-0000-0000-000000000001', 'Red',    118, 67.8);

-- =============
-- Tee Yardages
-- =============

-- Black tees
INSERT INTO courses.tee_yardages (tee_id, hole_number, yardage) VALUES
    ('00000000-0000-0000-0000-100000000001', 1,  573),
    ('00000000-0000-0000-0000-100000000001', 2,  200),
    ('00000000-0000-0000-0000-100000000001', 3,  394),
    ('00000000-0000-0000-0000-100000000001', 4,  472),
    ('00000000-0000-0000-0000-100000000001', 5,  211),
    ('00000000-0000-0000-0000-100000000001', 6,  598),
    ('00000000-0000-0000-0000-100000000001', 7,  392),
    ('00000000-0000-0000-0000-100000000001', 8,  455),
    ('00000000-0000-0000-0000-100000000001', 9,  509),
    ('00000000-0000-0000-0000-100000000001', 10, 499),
    ('00000000-0000-0000-0000-100000000001', 11, 528),
    ('00000000-0000-0000-0000-100000000001', 12, 361),
    ('00000000-0000-0000-0000-100000000001', 13, 447),
    ('00000000-0000-0000-0000-100000000001', 14, 165),
    ('00000000-0000-0000-0000-100000000001', 15, 396),
    ('00000000-0000-0000-0000-100000000001', 16, 198),
    ('00000000-0000-0000-0000-100000000001', 17, 454),
    ('00000000-0000-0000-0000-100000000001', 18, 445);

-- Blue tees
INSERT INTO courses.tee_yardages (tee_id, hole_number, yardage) VALUES
    ('00000000-0000-0000-0000-100000000002', 1,  535),
    ('00000000-0000-0000-0000-100000000002', 2,  178),
    ('00000000-0000-0000-0000-100000000002', 3,  375),
    ('00000000-0000-0000-0000-100000000002', 4,  448),
    ('00000000-0000-0000-0000-100000000002', 5,  182),
    ('00000000-0000-0000-0000-100000000002', 6,  565),
    ('00000000-0000-0000-0000-100000000002', 7,  373),
    ('00000000-0000-0000-0000-100000000002', 8,  434),
    ('00000000-0000-0000-0000-100000000002', 9,  480),
    ('00000000-0000-0000-0000-100000000002', 10, 465),
    ('00000000-0000-0000-0000-100000000002', 11, 510),
    ('00000000-0000-0000-0000-100000000002', 12, 338),
    ('00000000-0000-0000-0000-100000000002', 13, 417),
    ('00000000-0000-0000-0000-100000000002', 14, 166),
    ('00000000-0000-0000-0000-100000000002', 15, 376),
    ('00000000-0000-0000-0000-100000000002', 16, 185),
    ('00000000-0000-0000-0000-100000000002', 17, 432),
    ('00000000-0000-0000-0000-100000000002', 18, 420);

-- Member tees
INSERT INTO courses.tee_yardages (tee_id, hole_number, yardage) VALUES
    ('00000000-0000-0000-0000-100000000003', 1,  535),
    ('00000000-0000-0000-0000-100000000003', 2,  178),
    ('00000000-0000-0000-0000-100000000003', 3,  394),
    ('00000000-0000-0000-0000-100000000003', 4,  427),
    ('00000000-0000-0000-0000-100000000003', 5,  182),
    ('00000000-0000-0000-0000-100000000003', 6,  565),
    ('00000000-0000-0000-0000-100000000003', 7,  373),
    ('00000000-0000-0000-0000-100000000003', 8,  395),
    ('00000000-0000-0000-0000-100000000003', 9,  480),
    ('00000000-0000-0000-0000-100000000003', 10, 423),
    ('00000000-0000-0000-0000-100000000003', 11, 510),
    ('00000000-0000-0000-0000-100000000003', 12, 361),
    ('00000000-0000-0000-0000-100000000003', 13, 361),
    ('00000000-0000-0000-0000-100000000003', 14, 150),
    ('00000000-0000-0000-0000-100000000003', 15, 370),
    ('00000000-0000-0000-0000-100000000003', 16, 170),
    ('00000000-0000-0000-0000-100000000003', 17, 371),
    ('00000000-0000-0000-0000-100000000003', 18, 388);

-- White tees
INSERT INTO courses.tee_yardages (tee_id, hole_number, yardage) VALUES
    ('00000000-0000-0000-0000-100000000004', 1,  511),
    ('00000000-0000-0000-0000-100000000004', 2,  161),
    ('00000000-0000-0000-0000-100000000004', 3,  337),
    ('00000000-0000-0000-0000-100000000004', 4,  427),
    ('00000000-0000-0000-0000-100000000004', 5,  151),
    ('00000000-0000-0000-0000-100000000004', 6,  536),
    ('00000000-0000-0000-0000-100000000004', 7,  354),
    ('00000000-0000-0000-0000-100000000004', 8,  395),
    ('00000000-0000-0000-0000-100000000004', 9,  449),
    ('00000000-0000-0000-0000-100000000004', 10, 423),
    ('00000000-0000-0000-0000-100000000004', 11, 491),
    ('00000000-0000-0000-0000-100000000004', 12, 326),
    ('00000000-0000-0000-0000-100000000004', 13, 361),
    ('00000000-0000-0000-0000-100000000004', 14, 150),
    ('00000000-0000-0000-0000-100000000004', 15, 370),
    ('00000000-0000-0000-0000-100000000004', 16, 170),
    ('00000000-0000-0000-0000-100000000004', 17, 371),
    ('00000000-0000-0000-0000-100000000004', 18, 388);

-- Gold tees
INSERT INTO courses.tee_yardages (tee_id, hole_number, yardage) VALUES
    ('00000000-0000-0000-0000-100000000005', 1,  499),
    ('00000000-0000-0000-0000-100000000005', 2,  135),
    ('00000000-0000-0000-0000-100000000005', 3,  309),
    ('00000000-0000-0000-0000-100000000005', 4,  375),
    ('00000000-0000-0000-0000-100000000005', 5,  146),
    ('00000000-0000-0000-0000-100000000005', 6,  442),
    ('00000000-0000-0000-0000-100000000005', 7,  344),
    ('00000000-0000-0000-0000-100000000005', 8,  355),
    ('00000000-0000-0000-0000-100000000005', 9,  443),
    ('00000000-0000-0000-0000-100000000005', 10, 378),
    ('00000000-0000-0000-0000-100000000005', 11, 477),
    ('00000000-0000-0000-0000-100000000005', 12, 319),
    ('00000000-0000-0000-0000-100000000005', 13, 342),
    ('00000000-0000-0000-0000-100000000005', 14, 139),
    ('00000000-0000-0000-0000-100000000005', 15, 336),
    ('00000000-0000-0000-0000-100000000005', 16, 160),
    ('00000000-0000-0000-0000-100000000005', 17, 342),
    ('00000000-0000-0000-0000-100000000005', 18, 381);

-- Red tees
INSERT INTO courses.tee_yardages (tee_id, hole_number, yardage) VALUES
    ('00000000-0000-0000-0000-100000000006', 1,  480),
    ('00000000-0000-0000-0000-100000000006', 2,  128),
    ('00000000-0000-0000-0000-100000000006', 3,  306),
    ('00000000-0000-0000-0000-100000000006', 4,  371),
    ('00000000-0000-0000-0000-100000000006', 5,  116),
    ('00000000-0000-0000-0000-100000000006', 6,  438),
    ('00000000-0000-0000-0000-100000000006', 7,  295),
    ('00000000-0000-0000-0000-100000000006', 8,  351),
    ('00000000-0000-0000-0000-100000000006', 9,  395),
    ('00000000-0000-0000-0000-100000000006', 10, 371),
    ('00000000-0000-0000-0000-100000000006', 11, 471),
    ('00000000-0000-0000-0000-100000000006', 12, 305),
    ('00000000-0000-0000-0000-100000000006', 13, 333),
    ('00000000-0000-0000-0000-100000000006', 14, 108),
    ('00000000-0000-0000-0000-100000000006', 15, 282),
    ('00000000-0000-0000-0000-100000000006', 16, 144),
    ('00000000-0000-0000-0000-100000000006', 17, 339),
    ('00000000-0000-0000-0000-100000000006', 18, 354);

-- =============
-- User
-- =============
INSERT INTO users.users (id, name, email, handicap_index)
VALUES (
    '00000000-0000-0000-0000-200000000001',
    'Tucker',
    'tucker@example.com',
    NULL
);

-- =============
-- Round (Tucker playing whites at Eagle Vines, Feb 10 2026)
-- =============
INSERT INTO users.rounds (id, user_id, course_id, tee_id, round_date, total_score, is_complete, holes_played)
VALUES (
    '00000000-0000-0000-0000-300000000001',
    '00000000-0000-0000-0000-200000000001',
    '00000000-0000-0000-0000-000000000001',
    '00000000-0000-0000-0000-100000000004',  -- White tees
    '2026-02-10',
    90,
    TRUE,
    18
);

-- =============
-- Hole Scores (scoring to par converted to total strokes)
-- =============
INSERT INTO users.hole_scores (round_id, hole_id, hole_number, strokes) VALUES
    ('00000000-0000-0000-0000-300000000001', (SELECT id FROM courses.holes WHERE course_id = '00000000-0000-0000-0000-000000000001' AND hole_number = 1),  1,  6),
    ('00000000-0000-0000-0000-300000000001', (SELECT id FROM courses.holes WHERE course_id = '00000000-0000-0000-0000-000000000001' AND hole_number = 2),  2,  4),
    ('00000000-0000-0000-0000-300000000001', (SELECT id FROM courses.holes WHERE course_id = '00000000-0000-0000-0000-000000000001' AND hole_number = 3),  3,  4),
    ('00000000-0000-0000-0000-300000000001', (SELECT id FROM courses.holes WHERE course_id = '00000000-0000-0000-0000-000000000001' AND hole_number = 4),  4,  4),
    ('00000000-0000-0000-0000-300000000001', (SELECT id FROM courses.holes WHERE course_id = '00000000-0000-0000-0000-000000000001' AND hole_number = 5),  5,  3),
    ('00000000-0000-0000-0000-300000000001', (SELECT id FROM courses.holes WHERE course_id = '00000000-0000-0000-0000-000000000001' AND hole_number = 6),  6,  6),
    ('00000000-0000-0000-0000-300000000001', (SELECT id FROM courses.holes WHERE course_id = '00000000-0000-0000-0000-000000000001' AND hole_number = 7),  7,  6),
    ('00000000-0000-0000-0000-300000000001', (SELECT id FROM courses.holes WHERE course_id = '00000000-0000-0000-0000-000000000001' AND hole_number = 8),  8,  4),
    ('00000000-0000-0000-0000-300000000001', (SELECT id FROM courses.holes WHERE course_id = '00000000-0000-0000-0000-000000000001' AND hole_number = 9),  9,  6),
    ('00000000-0000-0000-0000-300000000001', (SELECT id FROM courses.holes WHERE course_id = '00000000-0000-0000-0000-000000000001' AND hole_number = 10), 10, 5),
    ('00000000-0000-0000-0000-300000000001', (SELECT id FROM courses.holes WHERE course_id = '00000000-0000-0000-0000-000000000001' AND hole_number = 11), 11, 6),
    ('00000000-0000-0000-0000-300000000001', (SELECT id FROM courses.holes WHERE course_id = '00000000-0000-0000-0000-000000000001' AND hole_number = 12), 12, 5),
    ('00000000-0000-0000-0000-300000000001', (SELECT id FROM courses.holes WHERE course_id = '00000000-0000-0000-0000-000000000001' AND hole_number = 13), 13, 6),
    ('00000000-0000-0000-0000-300000000001', (SELECT id FROM courses.holes WHERE course_id = '00000000-0000-0000-0000-000000000001' AND hole_number = 14), 14, 5),
    ('00000000-0000-0000-0000-300000000001', (SELECT id FROM courses.holes WHERE course_id = '00000000-0000-0000-0000-000000000001' AND hole_number = 15), 15, 5),
    ('00000000-0000-0000-0000-300000000001', (SELECT id FROM courses.holes WHERE course_id = '00000000-0000-0000-0000-000000000001' AND hole_number = 16), 16, 5),
    ('00000000-0000-0000-0000-300000000001', (SELECT id FROM courses.holes WHERE course_id = '00000000-0000-0000-0000-000000000001' AND hole_number = 17), 17, 5),
    ('00000000-0000-0000-0000-300000000001', (SELECT id FROM courses.holes WHERE course_id = '00000000-0000-0000-0000-000000000001' AND hole_number = 18), 18, 5);

COMMIT;

-- =============
-- Useful queries to explore the data:
-- =============

-- See the course
-- SELECT * FROM courses.courses;

-- See all holes with par and handicap
-- SELECT hole_number, par, handicap FROM courses.holes
--   WHERE course_id = '00000000-0000-0000-0000-000000000001'
--   ORDER BY hole_number;

-- See all tees with ratings
-- SELECT color, slope_rating, course_rating FROM courses.tees
--   WHERE course_id = '00000000-0000-0000-0000-000000000001';

-- See yardages for a specific tee (e.g. White)
-- SELECT ty.hole_number, ty.yardage
--   FROM courses.tee_yardages ty
--   JOIN courses.tees t ON t.id = ty.tee_id
--   WHERE t.color = 'White'
--   ORDER BY ty.hole_number;

-- See Tucker's round with scores
-- SELECT hs.hole_number, h.par, hs.strokes, hs.strokes - h.par AS to_par
--   FROM users.hole_scores hs
--   JOIN courses.holes h ON h.id = hs.hole_id
--   WHERE hs.round_id = '00000000-0000-0000-0000-300000000001'
--   ORDER BY hs.hole_number;

-- Full scorecard view: hole, par, yardage from played tee, strokes
-- SELECT h.hole_number, h.par, h.handicap, ty.yardage, hs.strokes,
--        hs.strokes - h.par AS to_par
--   FROM users.hole_scores hs
--   JOIN courses.holes h ON h.id = hs.hole_id
--   JOIN users.rounds r ON r.id = hs.round_id
--   JOIN courses.tee_yardages ty ON ty.tee_id = r.tee_id
--        AND ty.hole_number = h.hole_number
--   WHERE hs.round_id = '00000000-0000-0000-0000-300000000001'
--   ORDER BY h.hole_number;